"","time","depth","forecast_issue_time","data_assimilation","ForecastProject_id","Forecast_id","Statistic","species_1","species_2"
"1",2001-03-22,1,2001-03-04,0,30405043,"631b924e-b057-4abf-8798-071d44d7cf05","mean",0.5,0.5
"2",2001-03-22,1,2001-03-04,0,30405043,"631b924e-b057-4abf-8798-071d44d7cf05","Conf_interv_02.5",0.5,0.5
"3",2001-03-22,1,2001-03-04,0,30405043,"631b924e-b057-4abf-8798-071d44d7cf05","Conf_interv_97.5",0.5,0.5
"4",2001-03-22,3,2001-03-04,0,30405043,"631b924e-b057-4abf-8798-071d44d7cf05","mean",0.5,0.5
"5",2001-03-22,3,2001-03-04,0,30405043,"631b924e-b057-4abf-8798-071d44d7cf05","Conf_interv_02.5",0.5,0.5
"6",2001-03-22,3,2001-03-04,0,30405043,"631b924e-b057-4abf-8798-071d44d7cf05","Conf_interv_97.5",0.5,0.5
"7",2001-03-22,5,2001-03-04,0,30405043,"631b924e-b057-4abf-8798-071d44d7cf05","mean",0.5,0.5
"8",2001-03-22,5,2001-03-04,0,30405043,"631b924e-b057-4abf-8798-071d44d7cf05","Conf_interv_02.5",0.5,0.5
"9",2001-03-22,5,2001-03-04,0,30405043,"631b924e-b057-4abf-8798-071d44d7cf05","Conf_interv_97.5",0.5,0.5
"10",2002-03-22,1,2001-03-04,0,30405043,"631b924e-b057-4abf-8798-071d44d7cf05","mean",0.971417031063967,1.94253651702065
"11",2002-03-22,1,2001-03-04,0,30405043,"631b924e-b057-4abf-8798-071d44d7cf05","Conf_interv_02.5",0.962473997178131,1.93435136628587
"12",2002-03-22,1,2001-03-04,0,30405043,"631b924e-b057-4abf-8798-071d44d7cf05","Conf_interv_97.5",0.979494974151859,1.95364896027309
"13",2002-03-22,3,2001-03-04,0,30405043,"631b924e-b057-4abf-8798-071d44d7cf05","mean",0.966351121779875,1.95708800447567
"14",2002-03-22,3,2001-03-04,0,30405043,"631b924e-b057-4abf-8798-071d44d7cf05","Conf_interv_02.5",0.957103279185817,1.939928298044
"15",2002-03-22,3,2001-03-04,0,30405043,"631b924e-b057-4abf-8798-071d44d7cf05","Conf_interv_97.5",0.976503393814713,1.96941502410902
"16",2002-03-22,5,2001-03-04,0,30405043,"631b924e-b057-4abf-8798-071d44d7cf05","mean",0.983481712763846,1.9492939719453
"17",2002-03-22,5,2001-03-04,0,30405043,"631b924e-b057-4abf-8798-071d44d7cf05","Conf_interv_02.5",0.979386259413114,1.94719994353617
"18",2002-03-22,5,2001-03-04,0,30405043,"631b924e-b057-4abf-8798-071d44d7cf05","Conf_interv_97.5",0.986370297701109,1.95207047649425
"19",2003-03-22,1,2001-03-04,0,30405043,"631b924e-b057-4abf-8798-071d44d7cf05","mean",1.80820919111034,7.1159931611478
"20",2003-03-22,1,2001-03-04,0,30405043,"631b924e-b057-4abf-8798-071d44d7cf05","Conf_interv_02.5",1.79977483245854,7.07938223477859
"21",2003-03-22,1,2001-03-04,0,30405043,"631b924e-b057-4abf-8798-071d44d7cf05","Conf_interv_97.5",1.81338304511086,7.15488177312483
"22",2003-03-22,3,2001-03-04,0,30405043,"631b924e-b057-4abf-8798-071d44d7cf05","mean",1.80262873726076,7.18231447939432
"23",2003-03-22,3,2001-03-04,0,30405043,"631b924e-b057-4abf-8798-071d44d7cf05","Conf_interv_02.5",1.78804368729392,7.11477650316839
"24",2003-03-22,3,2001-03-04,0,30405043,"631b924e-b057-4abf-8798-071d44d7cf05","Conf_interv_97.5",1.81762614798527,7.2350944127296
"25",2003-03-22,5,2001-03-04,0,30405043,"631b924e-b057-4abf-8798-071d44d7cf05","mean",1.83180308917763,7.14058765582096
"26",2003-03-22,5,2001-03-04,0,30405043,"631b924e-b057-4abf-8798-071d44d7cf05","Conf_interv_02.5",1.80564710438752,7.11994978644905
"27",2003-03-22,5,2001-03-04,0,30405043,"631b924e-b057-4abf-8798-071d44d7cf05","Conf_interv_97.5",1.84749711769428,7.16484859554187
"28",2004-03-22,1,2001-03-04,0,30405043,"631b924e-b057-4abf-8798-071d44d7cf05","mean",3.03190867253138,20.2799614755935
"29",2004-03-22,1,2001-03-04,0,30405043,"631b924e-b057-4abf-8798-071d44d7cf05","Conf_interv_02.5",3.01431742795379,20.2024332728494
"30",2004-03-22,1,2001-03-04,0,30405043,"631b924e-b057-4abf-8798-071d44d7cf05","Conf_interv_97.5",3.04559885605232,20.3651371445291
"31",2004-03-22,3,2001-03-04,0,30405043,"631b924e-b057-4abf-8798-071d44d7cf05","mean",3.01119717781721,20.4147759991105
"32",2004-03-22,3,2001-03-04,0,30405043,"631b924e-b057-4abf-8798-071d44d7cf05","Conf_interv_02.5",2.98897370839473,20.2935919447187
"33",2004-03-22,3,2001-03-04,0,30405043,"631b924e-b057-4abf-8798-071d44d7cf05","Conf_interv_97.5",3.03259658070314,20.50863473102
"34",2004-03-22,5,2001-03-04,0,30405043,"631b924e-b057-4abf-8798-071d44d7cf05","mean",3.06623098713264,20.3258108629805
"35",2004-03-22,5,2001-03-04,0,30405043,"631b924e-b057-4abf-8798-071d44d7cf05","Conf_interv_02.5",3.02645885021773,20.2982556573632
"36",2004-03-22,5,2001-03-04,0,30405043,"631b924e-b057-4abf-8798-071d44d7cf05","Conf_interv_97.5",3.10133259952978,20.3643792308864
"37",2005-03-22,1,2001-03-04,0,30405043,"631b924e-b057-4abf-8798-071d44d7cf05","mean",3.9197990759029,16.6613195342419
"38",2005-03-22,1,2001-03-04,0,30405043,"631b924e-b057-4abf-8798-071d44d7cf05","Conf_interv_02.5",3.91050674362947,16.4542985395404
"39",2005-03-22,1,2001-03-04,0,30405043,"631b924e-b057-4abf-8798-071d44d7cf05","Conf_interv_97.5",3.9293219492411,16.8622939755044
"40",2005-03-22,3,2001-03-04,0,30405043,"631b924e-b057-4abf-8798-071d44d7cf05","mean",3.88248630150095,16.3761926471443
"41",2005-03-22,3,2001-03-04,0,30405043,"631b924e-b057-4abf-8798-071d44d7cf05","Conf_interv_02.5",3.85654982933131,16.1636832622655
"42",2005-03-22,3,2001-03-04,0,30405043,"631b924e-b057-4abf-8798-071d44d7cf05","Conf_interv_97.5",3.91793414850065,16.637057913004
"43",2005-03-22,5,2001-03-04,0,30405043,"631b924e-b057-4abf-8798-071d44d7cf05","mean",3.95777951452656,16.5393093229736
"44",2005-03-22,5,2001-03-04,0,30405043,"631b924e-b057-4abf-8798-071d44d7cf05","Conf_interv_02.5",3.91005409303302,16.414134362746
"45",2005-03-22,5,2001-03-04,0,30405043,"631b924e-b057-4abf-8798-071d44d7cf05","Conf_interv_97.5",3.99201367934014,16.64796500642
"46",2006-03-22,1,2001-03-04,0,30405043,"631b924e-b057-4abf-8798-071d44d7cf05","mean",4.99786134706807,22.0651383695881
"47",2006-03-22,1,2001-03-04,0,30405043,"631b924e-b057-4abf-8798-071d44d7cf05","Conf_interv_02.5",4.98833457092943,21.8280556120166
"48",2006-03-22,1,2001-03-04,0,30405043,"631b924e-b057-4abf-8798-071d44d7cf05","Conf_interv_97.5",5.0048807026164,22.3004913358106
"49",2006-03-22,3,2001-03-04,0,30405043,"631b924e-b057-4abf-8798-071d44d7cf05","mean",4.99313363383606,22.4100222864852
"50",2006-03-22,3,2001-03-04,0,30405043,"631b924e-b057-4abf-8798-071d44d7cf05","Conf_interv_02.5",4.97150313986401,22.0981080843969
"51",2006-03-22,3,2001-03-04,0,30405043,"631b924e-b057-4abf-8798-071d44d7cf05","Conf_interv_97.5",5.01151117608202,22.6530940259169
"52",2006-03-22,5,2001-03-04,0,30405043,"631b924e-b057-4abf-8798-071d44d7cf05","mean",5.03789672671903,22.1686575936444
"53",2006-03-22,5,2001-03-04,0,30405043,"631b924e-b057-4abf-8798-071d44d7cf05","Conf_interv_02.5",4.98131386972821,22.0790552754799
"54",2006-03-22,5,2001-03-04,0,30405043,"631b924e-b057-4abf-8798-071d44d7cf05","Conf_interv_97.5",5.07864571750005,22.2779573990079
"55",2007-03-22,1,2001-03-04,0,30405043,"631b924e-b057-4abf-8798-071d44d7cf05","mean",5.30058039057865,10.260536136788
"56",2007-03-22,1,2001-03-04,0,30405043,"631b924e-b057-4abf-8798-071d44d7cf05","Conf_interv_02.5",5.27875837631105,9.59707909013711
"57",2007-03-22,1,2001-03-04,0,30405043,"631b924e-b057-4abf-8798-071d44d7cf05","Conf_interv_97.5",5.32322396711751,10.9345614308706
"58",2007-03-22,3,2001-03-04,0,30405043,"631b924e-b057-4abf-8798-071d44d7cf05","mean",5.26963834903892,9.2648264329334
"59",2007-03-22,3,2001-03-04,0,30405043,"631b924e-b057-4abf-8798-071d44d7cf05","Conf_interv_02.5",5.24125931692811,8.54772816351088
"60",2007-03-22,3,2001-03-04,0,30405043,"631b924e-b057-4abf-8798-071d44d7cf05","Conf_interv_97.5",5.31917718979757,10.1629528410973
"61",2007-03-22,5,2001-03-04,0,30405043,"631b924e-b057-4abf-8798-071d44d7cf05","mean",5.30963535307258,9.93373989876635
"62",2007-03-22,5,2001-03-04,0,30405043,"631b924e-b057-4abf-8798-071d44d7cf05","Conf_interv_02.5",5.26852758323088,9.57016789658466
"63",2007-03-22,5,2001-03-04,0,30405043,"631b924e-b057-4abf-8798-071d44d7cf05","Conf_interv_97.5",5.33325349794899,10.2573425225635
"64",2008-03-22,1,2001-03-04,0,30405043,"631b924e-b057-4abf-8798-071d44d7cf05","mean",6.70638262318405,22.7455891204867
"65",2008-03-22,1,2001-03-04,0,30405043,"631b924e-b057-4abf-8798-071d44d7cf05","Conf_interv_02.5",6.66785201870304,22.2725956972832
"66",2008-03-22,1,2001-03-04,0,30405043,"631b924e-b057-4abf-8798-071d44d7cf05","Conf_interv_97.5",6.74628543942924,23.1884249224584
"67",2008-03-22,3,2001-03-04,0,30405043,"631b924e-b057-4abf-8798-071d44d7cf05","mean",6.7772394739153,21.9093303019096
"68",2008-03-22,3,2001-03-04,0,30405043,"631b924e-b057-4abf-8798-071d44d7cf05","Conf_interv_02.5",6.71865313008936,21.2024014457786
"69",2008-03-22,3,2001-03-04,0,30405043,"631b924e-b057-4abf-8798-071d44d7cf05","Conf_interv_97.5",6.84117492754313,22.7208276023651
"70",2008-03-22,5,2001-03-04,0,30405043,"631b924e-b057-4abf-8798-071d44d7cf05","mean",6.74075824947611,22.5556214945358
"71",2008-03-22,5,2001-03-04,0,30405043,"631b924e-b057-4abf-8798-071d44d7cf05","Conf_interv_02.5",6.67520900602025,22.2395476832468
"72",2008-03-22,5,2001-03-04,0,30405043,"631b924e-b057-4abf-8798-071d44d7cf05","Conf_interv_97.5",6.79084615836134,22.838232952087
"73",2009-03-22,1,2001-03-04,0,30405043,"631b924e-b057-4abf-8798-071d44d7cf05","mean",5.86962429033985,6.49936370080681
"74",2009-03-22,1,2001-03-04,0,30405043,"631b924e-b057-4abf-8798-071d44d7cf05","Conf_interv_02.5",5.80333480042348,5.15299900758534
"75",2009-03-22,1,2001-03-04,0,30405043,"631b924e-b057-4abf-8798-071d44d7cf05","Conf_interv_97.5",5.93893065031364,7.92462506355481
"76",2009-03-22,3,2001-03-04,0,30405043,"631b924e-b057-4abf-8798-071d44d7cf05","mean",5.98572131916058,8.88019549880419
"77",2009-03-22,3,2001-03-04,0,30405043,"631b924e-b057-4abf-8798-071d44d7cf05","Conf_interv_02.5",5.85894738870643,6.56674620259816
"78",2009-03-22,3,2001-03-04,0,30405043,"631b924e-b057-4abf-8798-071d44d7cf05","Conf_interv_97.5",6.10486617651944,10.8301115753207
"79",2009-03-22,5,2001-03-04,0,30405043,"631b924e-b057-4abf-8798-071d44d7cf05","mean",5.90337511221431,7.06399389325286
"80",2009-03-22,5,2001-03-04,0,30405043,"631b924e-b057-4abf-8798-071d44d7cf05","Conf_interv_02.5",5.85274934232186,6.25510047322175
"81",2009-03-22,5,2001-03-04,0,30405043,"631b924e-b057-4abf-8798-071d44d7cf05","Conf_interv_97.5",5.94456028926631,7.9716625348587
"82",2010-03-22,1,2001-03-04,0,30405043,"631b924e-b057-4abf-8798-071d44d7cf05","mean",7.53271717010947,17.7322153118334
"83",2010-03-22,1,2001-03-04,0,30405043,"631b924e-b057-4abf-8798-071d44d7cf05","Conf_interv_02.5",7.41367176736301,15.2737678652019
"84",2010-03-22,1,2001-03-04,0,30405043,"631b924e-b057-4abf-8798-071d44d7cf05","Conf_interv_97.5",7.63784344562529,20.1394389331378
"85",2010-03-22,3,2001-03-04,0,30405043,"631b924e-b057-4abf-8798-071d44d7cf05","mean",7.3228450452868,20.765895356731
"86",2010-03-22,3,2001-03-04,0,30405043,"631b924e-b057-4abf-8798-071d44d7cf05","Conf_interv_02.5",7.16531912644139,18.0012273980392
"87",2010-03-22,3,2001-03-04,0,30405043,"631b924e-b057-4abf-8798-071d44d7cf05","Conf_interv_97.5",7.51734661323279,22.7326408612506
"88",2010-03-22,5,2001-03-04,0,30405043,"631b924e-b057-4abf-8798-071d44d7cf05","mean",7.48149231912755,18.8061254839304
"89",2010-03-22,5,2001-03-04,0,30405043,"631b924e-b057-4abf-8798-071d44d7cf05","Conf_interv_02.5",7.41499568991756,17.4893786274571
"90",2010-03-22,5,2001-03-04,0,30405043,"631b924e-b057-4abf-8798-071d44d7cf05","Conf_interv_97.5",7.54053054551979,20.2129000163399
"91",2011-03-22,1,2001-03-04,0,30405043,"631b924e-b057-4abf-8798-071d44d7cf05","mean",6.72390624159468,17.1103629108321
"92",2011-03-22,1,2001-03-04,0,30405043,"631b924e-b057-4abf-8798-071d44d7cf05","Conf_interv_02.5",6.33249705502502,12.9609616101439
"93",2011-03-22,1,2001-03-04,0,30405043,"631b924e-b057-4abf-8798-071d44d7cf05","Conf_interv_97.5",7.12175347536449,20.8047455226945
"94",2011-03-22,3,2001-03-04,0,30405043,"631b924e-b057-4abf-8798-071d44d7cf05","mean",6.23843063168631,10.8563135680492
"95",2011-03-22,3,2001-03-04,0,30405043,"631b924e-b057-4abf-8798-071d44d7cf05","Conf_interv_02.5",5.93197175484087,6.066517003402
"96",2011-03-22,3,2001-03-04,0,30405043,"631b924e-b057-4abf-8798-071d44d7cf05","Conf_interv_97.5",6.66836882624713,17.2014526832647
"97",2011-03-22,5,2001-03-04,0,30405043,"631b924e-b057-4abf-8798-071d44d7cf05","mean",6.55549985621906,15.6392025744327
"98",2011-03-22,5,2001-03-04,0,30405043,"631b924e-b057-4abf-8798-071d44d7cf05","Conf_interv_02.5",6.34545279351377,12.8012341919944
"99",2011-03-22,5,2001-03-04,0,30405043,"631b924e-b057-4abf-8798-071d44d7cf05","Conf_interv_97.5",6.75557667293739,18.1204977358845
"100",2012-03-22,1,2001-03-04,0,30405043,"631b924e-b057-4abf-8798-071d44d7cf05","mean",6.58999180308703,17.5619266662766
"101",2012-03-22,1,2001-03-04,0,30405043,"631b924e-b057-4abf-8798-071d44d7cf05","Conf_interv_02.5",6.21090468825796,11.5243197755177
"102",2012-03-22,1,2001-03-04,0,30405043,"631b924e-b057-4abf-8798-071d44d7cf05","Conf_interv_97.5",7.00620774112794,22.765529365273
"103",2012-03-22,3,2001-03-04,0,30405043,"631b924e-b057-4abf-8798-071d44d7cf05","mean",7.20081630981347,18.9240723650433
"104",2012-03-22,3,2001-03-04,0,30405043,"631b924e-b057-4abf-8798-071d44d7cf05","Conf_interv_02.5",6.6054098951908,16.9066716666653
"105",2012-03-22,3,2001-03-04,0,30405043,"631b924e-b057-4abf-8798-071d44d7cf05","Conf_interv_97.5",7.64366271236812,21.251515697367
"106",2012-03-22,5,2001-03-04,0,30405043,"631b924e-b057-4abf-8798-071d44d7cf05","mean",6.75231710907888,20.4464229274577
"107",2012-03-22,5,2001-03-04,0,30405043,"631b924e-b057-4abf-8798-071d44d7cf05","Conf_interv_02.5",6.50512679186226,17.7003127387101
"108",2012-03-22,5,2001-03-04,0,30405043,"631b924e-b057-4abf-8798-071d44d7cf05","Conf_interv_97.5",7.03997450727714,22.885526090714
"109",2013-03-22,1,2001-03-04,0,30405043,"631b924e-b057-4abf-8798-071d44d7cf05","mean",6.46639610921362,15.1366454714451
"110",2013-03-22,1,2001-03-04,0,30405043,"631b924e-b057-4abf-8798-071d44d7cf05","Conf_interv_02.5",5.89797309761443,5.98815062997914
"111",2013-03-22,1,2001-03-04,0,30405043,"631b924e-b057-4abf-8798-071d44d7cf05","Conf_interv_97.5",7.1225287676945,22.5694844039848
"112",2013-03-22,3,2001-03-04,0,30405043,"631b924e-b057-4abf-8798-071d44d7cf05","mean",6.46626326811581,15.3166260228512
"113",2013-03-22,3,2001-03-04,0,30405043,"631b924e-b057-4abf-8798-071d44d7cf05","Conf_interv_02.5",6.17053118558089,10.1769833347637
"114",2013-03-22,3,2001-03-04,0,30405043,"631b924e-b057-4abf-8798-071d44d7cf05","Conf_interv_97.5",6.87291181264648,18.9419171039056
"115",2013-03-22,5,2001-03-04,0,30405043,"631b924e-b057-4abf-8798-071d44d7cf05","mean",6.17354380075441,12.0878093158882
"116",2013-03-22,5,2001-03-04,0,30405043,"631b924e-b057-4abf-8798-071d44d7cf05","Conf_interv_02.5",5.90139868040773,5.69902830702902
"117",2013-03-22,5,2001-03-04,0,30405043,"631b924e-b057-4abf-8798-071d44d7cf05","Conf_interv_97.5",6.47776616121018,18.5427431110944
"118",2014-03-22,1,2001-03-04,0,30405043,"631b924e-b057-4abf-8798-071d44d7cf05","mean",6.70131007758795,13.6884630109465
"119",2014-03-22,1,2001-03-04,0,30405043,"631b924e-b057-4abf-8798-071d44d7cf05","Conf_interv_02.5",5.96889477514583,6.19864921793928
"120",2014-03-22,1,2001-03-04,0,30405043,"631b924e-b057-4abf-8798-071d44d7cf05","Conf_interv_97.5",7.6011324047157,19.3882534720169
"121",2014-03-22,3,2001-03-04,0,30405043,"631b924e-b057-4abf-8798-071d44d7cf05","mean",6.74266987176288,19.2123397540799
"122",2014-03-22,3,2001-03-04,0,30405043,"631b924e-b057-4abf-8798-071d44d7cf05","Conf_interv_02.5",6.39575638681354,16.0592323690918
"123",2014-03-22,3,2001-03-04,0,30405043,"631b924e-b057-4abf-8798-071d44d7cf05","Conf_interv_97.5",7.28508719839443,21.9663385278186
"124",2014-03-22,5,2001-03-04,0,30405043,"631b924e-b057-4abf-8798-071d44d7cf05","mean",7.00583864102951,18.4389444749918
"125",2014-03-22,5,2001-03-04,0,30405043,"631b924e-b057-4abf-8798-071d44d7cf05","Conf_interv_02.5",6.34969691894619,15.7480498561453
"126",2014-03-22,5,2001-03-04,0,30405043,"631b924e-b057-4abf-8798-071d44d7cf05","Conf_interv_97.5",7.64948692753013,22.7730193956302
"127",2015-03-22,1,2001-03-04,0,30405043,"631b924e-b057-4abf-8798-071d44d7cf05","mean",6.98602452434893,17.2691140877946
"128",2015-03-22,1,2001-03-04,0,30405043,"631b924e-b057-4abf-8798-071d44d7cf05","Conf_interv_02.5",6.26839619670726,15.1600661982702
"129",2015-03-22,1,2001-03-04,0,30405043,"631b924e-b057-4abf-8798-071d44d7cf05","Conf_interv_97.5",7.65019568589539,20.1171305655524
"130",2015-03-22,3,2001-03-04,0,30405043,"631b924e-b057-4abf-8798-071d44d7cf05","mean",6.32163802195194,14.6236881942767
"131",2015-03-22,3,2001-03-04,0,30405043,"631b924e-b057-4abf-8798-071d44d7cf05","Conf_interv_02.5",6.06456397019799,8.21513195234375
"132",2015-03-22,3,2001-03-04,0,30405043,"631b924e-b057-4abf-8798-071d44d7cf05","Conf_interv_97.5",6.65582082507878,20.8148530569676
"133",2015-03-22,5,2001-03-04,0,30405043,"631b924e-b057-4abf-8798-071d44d7cf05","mean",6.48929613082426,15.3006543773978
"134",2015-03-22,5,2001-03-04,0,30405043,"631b924e-b057-4abf-8798-071d44d7cf05","Conf_interv_02.5",5.89052957884195,5.79805668262836
"135",2015-03-22,5,2001-03-04,0,30405043,"631b924e-b057-4abf-8798-071d44d7cf05","Conf_interv_97.5",7.01365527683499,20.4709540341671
"136",2016-03-22,1,2001-03-04,0,30405043,"631b924e-b057-4abf-8798-071d44d7cf05","mean",6.64017744962876,18.1638785147949
"137",2016-03-22,1,2001-03-04,0,30405043,"631b924e-b057-4abf-8798-071d44d7cf05","Conf_interv_02.5",6.29027308991204,13.2540015882216
"138",2016-03-22,1,2001-03-04,0,30405043,"631b924e-b057-4abf-8798-071d44d7cf05","Conf_interv_97.5",6.93854970736032,21.8567952478865
"139",2016-03-22,3,2001-03-04,0,30405043,"631b924e-b057-4abf-8798-071d44d7cf05","mean",6.76003733225048,17.7918397618927
"140",2016-03-22,3,2001-03-04,0,30405043,"631b924e-b057-4abf-8798-071d44d7cf05","Conf_interv_02.5",6.09975702929907,11.6562471431387
"141",2016-03-22,3,2001-03-04,0,30405043,"631b924e-b057-4abf-8798-071d44d7cf05","Conf_interv_97.5",7.45579648374584,22.0208114878436
"142",2016-03-22,5,2001-03-04,0,30405043,"631b924e-b057-4abf-8798-071d44d7cf05","mean",6.68886455279532,13.5503233503602
"143",2016-03-22,5,2001-03-04,0,30405043,"631b924e-b057-4abf-8798-071d44d7cf05","Conf_interv_02.5",6.14314405696889,12.7293750124612
"144",2016-03-22,5,2001-03-04,0,30405043,"631b924e-b057-4abf-8798-071d44d7cf05","Conf_interv_97.5",7.61772594326254,14.8857212088392
"145",2017-03-22,1,2001-03-04,0,30405043,"631b924e-b057-4abf-8798-071d44d7cf05","mean",6.44242648935631,15.4983140009637
"146",2017-03-22,1,2001-03-04,0,30405043,"631b924e-b057-4abf-8798-071d44d7cf05","Conf_interv_02.5",5.9952998310057,9.1217259503606
"147",2017-03-22,1,2001-03-04,0,30405043,"631b924e-b057-4abf-8798-071d44d7cf05","Conf_interv_97.5",6.9582687494857,22.5839451442355
"148",2017-03-22,3,2001-03-04,0,30405043,"631b924e-b057-4abf-8798-071d44d7cf05","mean",6.46249502192933,14.8328222664253
"149",2017-03-22,3,2001-03-04,0,30405043,"631b924e-b057-4abf-8798-071d44d7cf05","Conf_interv_02.5",5.97460229231836,8.62607086746692
"150",2017-03-22,3,2001-03-04,0,30405043,"631b924e-b057-4abf-8798-071d44d7cf05","Conf_interv_97.5",7.03617584646951,22.4507399564845
"151",2017-03-22,5,2001-03-04,0,30405043,"631b924e-b057-4abf-8798-071d44d7cf05","mean",7.02700537712405,22.3924787405659
"152",2017-03-22,5,2001-03-04,0,30405043,"631b924e-b057-4abf-8798-071d44d7cf05","Conf_interv_02.5",6.9163273543459,21.1619083171082
"153",2017-03-22,5,2001-03-04,0,30405043,"631b924e-b057-4abf-8798-071d44d7cf05","Conf_interv_97.5",7.14832341481006,23.0589703158996
"154",2018-03-22,1,2001-03-04,0,30405043,"631b924e-b057-4abf-8798-071d44d7cf05","mean",6.66910449750629,16.2892979727858
"155",2018-03-22,1,2001-03-04,0,30405043,"631b924e-b057-4abf-8798-071d44d7cf05","Conf_interv_02.5",5.93011111670656,6.2075994920832
"156",2018-03-22,1,2001-03-04,0,30405043,"631b924e-b057-4abf-8798-071d44d7cf05","Conf_interv_97.5",7.29172456181292,22.1410338636494
"157",2018-03-22,3,2001-03-04,0,30405043,"631b924e-b057-4abf-8798-071d44d7cf05","mean",6.74988569845281,16.3983651411759
"158",2018-03-22,3,2001-03-04,0,30405043,"631b924e-b057-4abf-8798-071d44d7cf05","Conf_interv_02.5",5.94706827691753,6.29447640035103
"159",2018-03-22,3,2001-03-04,0,30405043,"631b924e-b057-4abf-8798-071d44d7cf05","Conf_interv_97.5",7.33644010419341,22.7891121133244
"160",2018-03-22,5,2001-03-04,0,30405043,"631b924e-b057-4abf-8798-071d44d7cf05","mean",5.97260550680873,7.1447803670901
"161",2018-03-22,5,2001-03-04,0,30405043,"631b924e-b057-4abf-8798-071d44d7cf05","Conf_interv_02.5",5.8493299258148,5.2024311142891
"162",2018-03-22,5,2001-03-04,0,30405043,"631b924e-b057-4abf-8798-071d44d7cf05","Conf_interv_97.5",6.1670455161807,10.6408922949335
"163",2019-03-22,1,2001-03-04,0,30405043,"631b924e-b057-4abf-8798-071d44d7cf05","mean",6.59440866019617,11.3829414307895
"164",2019-03-22,1,2001-03-04,0,30405043,"631b924e-b057-4abf-8798-071d44d7cf05","Conf_interv_02.5",5.96260900901761,8.20782746201682
"165",2019-03-22,1,2001-03-04,0,30405043,"631b924e-b057-4abf-8798-071d44d7cf05","Conf_interv_97.5",7.58941662039929,15.5515878525857
"166",2019-03-22,3,2001-03-04,0,30405043,"631b924e-b057-4abf-8798-071d44d7cf05","mean",6.59750846594328,11.1011326802986
"167",2019-03-22,3,2001-03-04,0,30405043,"631b924e-b057-4abf-8798-071d44d7cf05","Conf_interv_02.5",5.89738568559439,6.02716854605291
"168",2019-03-22,3,2001-03-04,0,30405043,"631b924e-b057-4abf-8798-071d44d7cf05","Conf_interv_97.5",7.58998303325771,15.832022048094
"169",2019-03-22,5,2001-03-04,0,30405043,"631b924e-b057-4abf-8798-071d44d7cf05","mean",7.50959528503979,17.9225604046071
"170",2019-03-22,5,2001-03-04,0,30405043,"631b924e-b057-4abf-8798-071d44d7cf05","Conf_interv_02.5",7.20854033352513,15.3918379463795
"171",2019-03-22,5,2001-03-04,0,30405043,"631b924e-b057-4abf-8798-071d44d7cf05","Conf_interv_97.5",7.69922543862092,22.3999580769048
"172",2020-03-22,1,2001-03-04,0,30405043,"631b924e-b057-4abf-8798-071d44d7cf05","mean",7.23728528752908,21.0034160090562
"173",2020-03-22,1,2001-03-04,0,30405043,"631b924e-b057-4abf-8798-071d44d7cf05","Conf_interv_02.5",7.05488363373284,20.2750147273144
"174",2020-03-22,1,2001-03-04,0,30405043,"631b924e-b057-4abf-8798-071d44d7cf05","Conf_interv_97.5",7.39740556331053,22.2585712946911
"175",2020-03-22,3,2001-03-04,0,30405043,"631b924e-b057-4abf-8798-071d44d7cf05","mean",7.25258582430931,19.7991267315382
"176",2020-03-22,3,2001-03-04,0,30405043,"631b924e-b057-4abf-8798-071d44d7cf05","Conf_interv_02.5",7.00089124262124,16.6433741287324
"177",2020-03-22,3,2001-03-04,0,30405043,"631b924e-b057-4abf-8798-071d44d7cf05","Conf_interv_97.5",7.60240296207346,22.7801396780662
"178",2020-03-22,5,2001-03-04,0,30405043,"631b924e-b057-4abf-8798-071d44d7cf05","mean",6.70042918478252,15.7282352970716
"179",2020-03-22,5,2001-03-04,0,30405043,"631b924e-b057-4abf-8798-071d44d7cf05","Conf_interv_02.5",5.9870822375534,6.71614813860851
"180",2020-03-22,5,2001-03-04,0,30405043,"631b924e-b057-4abf-8798-071d44d7cf05","Conf_interv_97.5",7.10928826414114,20.690558544712
"181",2021-03-22,1,2001-03-04,0,30405043,"631b924e-b057-4abf-8798-071d44d7cf05","mean",6.20084533945118,10.8572413725903
"182",2021-03-22,1,2001-03-04,0,30405043,"631b924e-b057-4abf-8798-071d44d7cf05","Conf_interv_02.5",6.02861910236541,7.39961043069945
"183",2021-03-22,1,2001-03-04,0,30405043,"631b924e-b057-4abf-8798-071d44d7cf05","Conf_interv_97.5",6.3154829125187,12.9896133460215
"184",2021-03-22,3,2001-03-04,0,30405043,"631b924e-b057-4abf-8798-071d44d7cf05","mean",6.37473110627871,12.9100641830846
"185",2021-03-22,3,2001-03-04,0,30405043,"631b924e-b057-4abf-8798-071d44d7cf05","Conf_interv_02.5",5.91929449700316,5.90540086155311
"186",2021-03-22,3,2001-03-04,0,30405043,"631b924e-b057-4abf-8798-071d44d7cf05","Conf_interv_97.5",6.89711796066479,19.2529280582467
"187",2021-03-22,5,2001-03-04,0,30405043,"631b924e-b057-4abf-8798-071d44d7cf05","mean",6.69698578142745,13.7876330243509
"188",2021-03-22,5,2001-03-04,0,30405043,"631b924e-b057-4abf-8798-071d44d7cf05","Conf_interv_02.5",6.22376741439819,11.9354216081245
"189",2021-03-22,5,2001-03-04,0,30405043,"631b924e-b057-4abf-8798-071d44d7cf05","Conf_interv_97.5",7.56857080750135,16.7496273075002
"190",2022-03-22,1,2001-03-04,0,30405043,"631b924e-b057-4abf-8798-071d44d7cf05","mean",7.2002115673249,21.6538637458377
"191",2022-03-22,1,2001-03-04,0,30405043,"631b924e-b057-4abf-8798-071d44d7cf05","Conf_interv_02.5",6.97808353237767,19.1639408331924
"192",2022-03-22,1,2001-03-04,0,30405043,"631b924e-b057-4abf-8798-071d44d7cf05","Conf_interv_97.5",7.53232408484335,23.0143183687022
"193",2022-03-22,3,2001-03-04,0,30405043,"631b924e-b057-4abf-8798-071d44d7cf05","mean",6.98079369994602,17.8466169058761
"194",2022-03-22,3,2001-03-04,0,30405043,"631b924e-b057-4abf-8798-071d44d7cf05","Conf_interv_02.5",6.38693933025804,14.8370581163287
"195",2022-03-22,3,2001-03-04,0,30405043,"631b924e-b057-4abf-8798-071d44d7cf05","Conf_interv_97.5",7.64590783298801,22.4268970732549
"196",2022-03-22,5,2001-03-04,0,30405043,"631b924e-b057-4abf-8798-071d44d7cf05","mean",6.98883140056511,21.6443605155497
"197",2022-03-22,5,2001-03-04,0,30405043,"631b924e-b057-4abf-8798-071d44d7cf05","Conf_interv_02.5",6.84781033589091,19.0504214672288
"198",2022-03-22,5,2001-03-04,0,30405043,"631b924e-b057-4abf-8798-071d44d7cf05","Conf_interv_97.5",7.09752839100764,23.0764575711506
"199",2023-03-22,1,2001-03-04,0,30405043,"631b924e-b057-4abf-8798-071d44d7cf05","mean",6.09072421376084,8.74363719030754
"200",2023-03-22,1,2001-03-04,0,30405043,"631b924e-b057-4abf-8798-071d44d7cf05","Conf_interv_02.5",5.85928160466807,5.27948764418437
"201",2023-03-22,1,2001-03-04,0,30405043,"631b924e-b057-4abf-8798-071d44d7cf05","Conf_interv_97.5",6.51032762622806,14.9706545036991
"202",2023-03-22,3,2001-03-04,0,30405043,"631b924e-b057-4abf-8798-071d44d7cf05","mean",6.57045947758014,16.1489815790486
"203",2023-03-22,3,2001-03-04,0,30405043,"631b924e-b057-4abf-8798-071d44d7cf05","Conf_interv_02.5",5.93598630250562,6.95288961496086
"204",2023-03-22,3,2001-03-04,0,30405043,"631b924e-b057-4abf-8798-071d44d7cf05","Conf_interv_97.5",7.01007271150768,22.0265593201701
"205",2023-03-22,5,2001-03-04,0,30405043,"631b924e-b057-4abf-8798-071d44d7cf05","mean",6.07323429818931,8.89672711701501
"206",2023-03-22,5,2001-03-04,0,30405043,"631b924e-b057-4abf-8798-071d44d7cf05","Conf_interv_02.5",5.86982489021902,5.13516890280518
"207",2023-03-22,5,2001-03-04,0,30405043,"631b924e-b057-4abf-8798-071d44d7cf05","Conf_interv_97.5",6.40413521494382,15.7535770487063
"208",2024-03-22,1,2001-03-04,0,30405043,"631b924e-b057-4abf-8798-071d44d7cf05","mean",7.35808292151407,17.6466618087203
"209",2024-03-22,1,2001-03-04,0,30405043,"631b924e-b057-4abf-8798-071d44d7cf05","Conf_interv_02.5",6.8133328215923,15.5410331360743
"210",2024-03-22,1,2001-03-04,0,30405043,"631b924e-b057-4abf-8798-071d44d7cf05","Conf_interv_97.5",7.67220010046242,21.1425044288907
"211",2024-03-22,3,2001-03-04,0,30405043,"631b924e-b057-4abf-8798-071d44d7cf05","mean",6.61547980722336,13.1262642827106
"212",2024-03-22,3,2001-03-04,0,30405043,"631b924e-b057-4abf-8798-071d44d7cf05","Conf_interv_02.5",5.9879575183327,8.56771667653695
"213",2024-03-22,3,2001-03-04,0,30405043,"631b924e-b057-4abf-8798-071d44d7cf05","Conf_interv_97.5",7.5066353058217,17.3051232873137
"214",2024-03-22,5,2001-03-04,0,30405043,"631b924e-b057-4abf-8798-071d44d7cf05","mean",7.34605070617825,17.1047126907733
"215",2024-03-22,5,2001-03-04,0,30405043,"631b924e-b057-4abf-8798-071d44d7cf05","Conf_interv_02.5",6.68770931149487,15.2227367847555
"216",2024-03-22,5,2001-03-04,0,30405043,"631b924e-b057-4abf-8798-071d44d7cf05","Conf_interv_97.5",7.70923500161752,20.3638047377868
"217",2025-03-22,1,2001-03-04,0,30405043,"631b924e-b057-4abf-8798-071d44d7cf05","mean",6.71144566505304,17.0133755389045
"218",2025-03-22,1,2001-03-04,0,30405043,"631b924e-b057-4abf-8798-071d44d7cf05","Conf_interv_02.5",6.09919252299779,10.8332403904376
"219",2025-03-22,1,2001-03-04,0,30405043,"631b924e-b057-4abf-8798-071d44d7cf05","Conf_interv_97.5",7.08233164170253,20.5733674561606
"220",2025-03-22,3,2001-03-04,0,30405043,"631b924e-b057-4abf-8798-071d44d7cf05","mean",7.01871156045011,20.5109661868575
"221",2025-03-22,3,2001-03-04,0,30405043,"631b924e-b057-4abf-8798-071d44d7cf05","Conf_interv_02.5",6.7743248373857,18.2224563188177
"222",2025-03-22,3,2001-03-04,0,30405043,"631b924e-b057-4abf-8798-071d44d7cf05","Conf_interv_97.5",7.36218270488399,22.6967123580644
"223",2025-03-22,5,2001-03-04,0,30405043,"631b924e-b057-4abf-8798-071d44d7cf05","mean",6.78661992626588,18.0054016928597
"224",2025-03-22,5,2001-03-04,0,30405043,"631b924e-b057-4abf-8798-071d44d7cf05","Conf_interv_02.5",6.18112646671905,12.9380233504954
"225",2025-03-22,5,2001-03-04,0,30405043,"631b924e-b057-4abf-8798-071d44d7cf05","Conf_interv_97.5",7.13348967579318,20.871719373838
"226",2026-03-22,1,2001-03-04,0,30405043,"631b924e-b057-4abf-8798-071d44d7cf05","mean",6.56513760980192,16.0547201577719
"227",2026-03-22,1,2001-03-04,0,30405043,"631b924e-b057-4abf-8798-071d44d7cf05","Conf_interv_02.5",6.22709894056637,12.2448594093841
"228",2026-03-22,1,2001-03-04,0,30405043,"631b924e-b057-4abf-8798-071d44d7cf05","Conf_interv_97.5",7.13178010359631,22.0475792152859
"229",2026-03-22,3,2001-03-04,0,30405043,"631b924e-b057-4abf-8798-071d44d7cf05","mean",6.2290375435797,11.899540325631
"230",2026-03-22,3,2001-03-04,0,30405043,"631b924e-b057-4abf-8798-071d44d7cf05","Conf_interv_02.5",5.92562803421906,6.41393572853256
"231",2026-03-22,3,2001-03-04,0,30405043,"631b924e-b057-4abf-8798-071d44d7cf05","Conf_interv_97.5",6.49443754593802,17.4560327020599
"232",2026-03-22,5,2001-03-04,0,30405043,"631b924e-b057-4abf-8798-071d44d7cf05","mean",6.47410518214466,15.5755530362803
"233",2026-03-22,5,2001-03-04,0,30405043,"631b924e-b057-4abf-8798-071d44d7cf05","Conf_interv_02.5",6.21776125937226,11.4496750361852
"234",2026-03-22,5,2001-03-04,0,30405043,"631b924e-b057-4abf-8798-071d44d7cf05","Conf_interv_97.5",6.9196764634535,22.5859185582525
"235",2027-03-22,1,2001-03-04,0,30405043,"631b924e-b057-4abf-8798-071d44d7cf05","mean",6.6577913634092,17.5671562575032
"236",2027-03-22,1,2001-03-04,0,30405043,"631b924e-b057-4abf-8798-071d44d7cf05","Conf_interv_02.5",6.04479329258484,7.59431556208761
"237",2027-03-22,1,2001-03-04,0,30405043,"631b924e-b057-4abf-8798-071d44d7cf05","Conf_interv_97.5",7.03575944300372,23.0561519610968
"238",2027-03-22,3,2001-03-04,0,30405043,"631b924e-b057-4abf-8798-071d44d7cf05","mean",7.06617517166585,19.5926320909368
"239",2027-03-22,3,2001-03-04,0,30405043,"631b924e-b057-4abf-8798-071d44d7cf05","Conf_interv_02.5",6.51683192080767,17.3170097570232
"240",2027-03-22,3,2001-03-04,0,30405043,"631b924e-b057-4abf-8798-071d44d7cf05","Conf_interv_97.5",7.57401408123234,22.7558402679282
"241",2027-03-22,5,2001-03-04,0,30405043,"631b924e-b057-4abf-8798-071d44d7cf05","mean",6.69516017353589,16.9909608108436
"242",2027-03-22,5,2001-03-04,0,30405043,"631b924e-b057-4abf-8798-071d44d7cf05","Conf_interv_02.5",5.91657714878783,5.92270157427767
"243",2027-03-22,5,2001-03-04,0,30405043,"631b924e-b057-4abf-8798-071d44d7cf05","Conf_interv_97.5",7.15464220239384,23.0257132585916
"244",2028-03-22,1,2001-03-04,0,30405043,"631b924e-b057-4abf-8798-071d44d7cf05","mean",6.44515005930626,9.84861950221993
"245",2028-03-22,1,2001-03-04,0,30405043,"631b924e-b057-4abf-8798-071d44d7cf05","Conf_interv_02.5",5.8734405022848,5.18527902214282
"246",2028-03-22,1,2001-03-04,0,30405043,"631b924e-b057-4abf-8798-071d44d7cf05","Conf_interv_97.5",7.48987611755042,17.8011099889144
"247",2028-03-22,3,2001-03-04,0,30405043,"631b924e-b057-4abf-8798-071d44d7cf05","mean",6.3475244737056,13.670881762445
"248",2028-03-22,3,2001-03-04,0,30405043,"631b924e-b057-4abf-8798-071d44d7cf05","Conf_interv_02.5",5.92462322990215,5.96303933982643
"249",2028-03-22,3,2001-03-04,0,30405043,"631b924e-b057-4abf-8798-071d44d7cf05","Conf_interv_97.5",6.76336420023578,18.381143000789
"250",2028-03-22,5,2001-03-04,0,30405043,"631b924e-b057-4abf-8798-071d44d7cf05","mean",6.50569455257118,8.58855758557194
"251",2028-03-22,5,2001-03-04,0,30405043,"631b924e-b057-4abf-8798-071d44d7cf05","Conf_interv_02.5",5.88764756263596,5.24635617066666
"252",2028-03-22,5,2001-03-04,0,30405043,"631b924e-b057-4abf-8798-071d44d7cf05","Conf_interv_97.5",7.62731655280903,14.5330800268174
"253",2029-03-22,1,2001-03-04,0,30405043,"631b924e-b057-4abf-8798-071d44d7cf05","mean",7.31284908155212,16.2379186024062
"254",2029-03-22,1,2001-03-04,0,30405043,"631b924e-b057-4abf-8798-071d44d7cf05","Conf_interv_02.5",6.66771031092387,15.3002684842039
"255",2029-03-22,1,2001-03-04,0,30405043,"631b924e-b057-4abf-8798-071d44d7cf05","Conf_interv_97.5",7.68556784796507,16.9481972530985
"256",2029-03-22,3,2001-03-04,0,30405043,"631b924e-b057-4abf-8798-071d44d7cf05","mean",6.88644195268324,17.4459440954671
"257",2029-03-22,3,2001-03-04,0,30405043,"631b924e-b057-4abf-8798-071d44d7cf05","Conf_interv_02.5",6.46468166236258,15.7811425742587
"258",2029-03-22,3,2001-03-04,0,30405043,"631b924e-b057-4abf-8798-071d44d7cf05","Conf_interv_97.5",7.64083335198072,19.386191190558
"259",2029-03-22,5,2001-03-04,0,30405043,"631b924e-b057-4abf-8798-071d44d7cf05","mean",7.511605056888,17.5052664661731
"260",2029-03-22,5,2001-03-04,0,30405043,"631b924e-b057-4abf-8798-071d44d7cf05","Conf_interv_02.5",7.17207880691489,15.4563157325047
"261",2029-03-22,5,2001-03-04,0,30405043,"631b924e-b057-4abf-8798-071d44d7cf05","Conf_interv_97.5",7.70093413175482,20.7923527240581
"262",2030-03-22,1,2001-03-04,0,30405043,"631b924e-b057-4abf-8798-071d44d7cf05","mean",6.88192427371565,19.9864861831687
"263",2030-03-22,1,2001-03-04,0,30405043,"631b924e-b057-4abf-8798-071d44d7cf05","Conf_interv_02.5",6.68763820364784,18.9295972171374
"264",2030-03-22,1,2001-03-04,0,30405043,"631b924e-b057-4abf-8798-071d44d7cf05","Conf_interv_97.5",7.10505288338285,20.8386202202382
"265",2030-03-22,3,2001-03-04,0,30405043,"631b924e-b057-4abf-8798-071d44d7cf05","mean",6.60927895307845,18.3851458108444
"266",2030-03-22,3,2001-03-04,0,30405043,"631b924e-b057-4abf-8798-071d44d7cf05","Conf_interv_02.5",6.25127522441651,15.4698600641434
"267",2030-03-22,3,2001-03-04,0,30405043,"631b924e-b057-4abf-8798-071d44d7cf05","Conf_interv_97.5",7.01984074140622,20.332491687204
"268",2030-03-22,5,2001-03-04,0,30405043,"631b924e-b057-4abf-8798-071d44d7cf05","mean",6.75568699679585,17.2196752603532
"269",2030-03-22,5,2001-03-04,0,30405043,"631b924e-b057-4abf-8798-071d44d7cf05","Conf_interv_02.5",6.21709096247277,11.4334864174327
"270",2030-03-22,5,2001-03-04,0,30405043,"631b924e-b057-4abf-8798-071d44d7cf05","Conf_interv_97.5",7.09334759910613,20.6345905877888
